Bank Debt,,,,,,,,,,,Targets,,,,,,Leads,,,,Larger Participants,,,,,,,,,,,
,,,,,End of 2024,End of 2025,,End of 2026,,,Hancock Whitney,"$75,000,000 ",Columbia,,,3," $59,049,589 ",,Home Bank,3," $20,000,000 ",,,,,,,,,,,
Total Debt,,,," $452,613,538 "," $605,320,165 "," $639,073,690 ",," $639,073,690 ",,,,,,,,4," $51,182,780 ",,JD Bank,3," $19,499,888 ",,,,,,,,,,,
Total New Debt,,,,," $152,706,627 "," $33,753,525 "," $186,460,153 ", $-   ," $186,460,153 ",,Synovus,"$100,000,000 ",Birmingham,,,3," $51,000,000 ",,Bank Plus,1," $17,800,000 ",,,,,,,,,,,
W/O Small Participants,,,," $382,365,180 "," $605,320,165 "," $639,073,690 ",," $639,073,690 ",,,,,,,,1," $36,200,000 ",,The Citizens National Bank of Meridian,2," $13,733,984 ",,,,,,,,,,,
,,,,," $222,954,985 "," $33,753,525 "," $256,708,511 ", $-   ," $256,708,511 ",,,"$175,000,000 ",,,,2," $31,599,189 ",,Investar Bank,1," $10,000,000 ",,,,,,,,,,,
,,,,,,,,,,,,,,,,1," $19,000,000 ",,First US Bank,1," $8,733,984 ",,,,,,,,,,,
,,,,,,,,,,,,,,,,1," $12,000,000 ",,The Citizens Bank,1," $7,999,995 ",,,,,,,,,,,
Pref Equity,,,,,,,,,,,,,,,,15," $260,031,558 ",,Bryant Bank,2," $7,500,000 ",,,,,,,,,,,
,,,,,End of 2024,End of 2025,,End of 2026,,,,,,,,,,,Gulf Coast Bank and Trust,1," $7,065,771 ",,,,,,,,,,,
Total Pref Equity,,,," $74,976,843 "," $69,860,318 "," $74,887,487 ",," $74,887,487 ",,,,,,,,,,,Liberty Bank,1," $5,000,000 ",,,,,,,,,,,
Total New Pref Equity,,,,," $(5,116,526)"," $5,027,169 "," $(89,356)", $-   ," $(89,356)",,,,,,,,,,Red River Bank,1," $5,000,000 ",,,,,,,,,,,
,,,,,,,,,,,,,,,,,,,,," $122,333,622 ",,,,,,,,,,,
,,,,,,,,,,,,,,,,,,,,,Smaller Participants,,,,,,,,,,,
Stoa Cash,,,,,,,,,,,,,,,,,,,,," $70,248,358 ",,,,,,,,,,,
,,,,,End of 2024,End of 2025,,End of 2026,,,,,,,,,,,,,,,,,,,,,,,,
Total Cash,,,," $10,664,435 "," $5,292,017 "," $3,888,719 ",," $(34,642,558)",,,,,,,,,,,,,,,,,,,,,,,,
5% of Debt,,,," $22,630,677 "," $30,266,008 "," $31,953,685 ",," $31,953,685 ",,,,,,,,,,,,,,,,,,,,,,,,
Total New Pref Equity,,,,," $24,973,991 "," $3,090,974 "," $28,064,966 "," $63,505,268 "," $91,570,234 ",,,,,,,,,,,,,,,,,,,,,,,
,,,,,,,,,,,,,,,,,,,,,,,,,,,,,,,,
,,,,,,,,,,,,,,,,,,,,,,,,,,,,,,,,
,,,,,,,,,,,,,,,,,,,,,,,,,,,,,,,,
Bank Debt,,,,1/31/2026,2/28/2026,3/31/2026,4/30/2026,5/31/2026,6/30/2026,7/31/2026,8/31/2026,9/30/2026,10/31/2026,11/30/2026,12/31/2026,1/31/2027,2/28/2027,3/31/2027,4/30/2027,5/31/2027,6/30/2027,7/31/2027,8/31/2027,9/30/2027,10/31/2027,11/30/2027,12/31/2027,1/31/2028,2/29/2028,3/31/2028,4/30/2028,5/31/2028
Project,Loan Amount,Close Date,Payoff Date,,,,,,,,,,,,,,,,,,,,,,,,,,,,,
The Waters at Ransley," $37,800,000 ",5/24/2021,1/31/2025," $37,800,000 ", $-   , $-   , $-   , $-   , $-   , $-   , $-   , $-   , $-   , $-   , $-   , $-   , $-   , $-   , $-   , $-   , $-   , $-   , $-   , $-   , $-   , $-   , $-   , $-   , $-   , $-   , $-   , $-   
The Waters at Heritage," $37,218,163 ",10/26/2021,2/28/2025," $37,218,163 ", $-   , $-   , $-   , $-   , $-   , $-   , $-   , $-   , $-   , $-   , $-   , $-   , $-   , $-   , $-   , $-   , $-   , $-   , $-   , $-   , $-   , $-   , $-   , $-   , $-   , $-   , $-   , $-   
The Waters at Millerville," $36,200,000 ",6/13/2022,5/31/2025," $36,200,000 ", $-   , $-   , $-   , $-   , $-   , $-   , $-   , $-   , $-   , $-   , $-   , $-   , $-   , $-   , $-   , $-   , $-   , $-   , $-   , $-   , $-   , $-   , $-   , $-   , $-   , $-   , $-   , $-   
The Waters at Redstone," $30,000,000 ",2/25/2022,5/31/2025," $30,000,000 ", $-   , $-   , $-   , $-   , $-   , $-   , $-   , $-   , $-   , $-   , $-   , $-   , $-   , $-   , $-   , $-   , $-   , $-   , $-   , $-   , $-   , $-   , $-   , $-   , $-   , $-   , $-   , $-   
The Waters at Settlers Trace," $49,996,842 ",8/24/2022,1/31/2026," $49,996,842 ", $-   , $-   , $-   , $-   , $-   , $-   , $-   , $-   , $-   , $-   , $-   , $-   , $-   , $-   , $-   , $-   , $-   , $-   , $-   , $-   , $-   , $-   , $-   , $-   , $-   , $-   , $-   , $-   
The Flats at East Bay," $31,599,189 ",6/16/2022,6/30/2025," $31,599,189 ", $-   , $-   , $-   , $-   , $-   , $-   , $-   , $-   , $-   , $-   , $-   , $-   , $-   , $-   , $-   , $-   , $-   , $-   , $-   , $-   , $-   , $-   , $-   , $-   , $-   , $-   , $-   , $-   
The Waters at West Village," $25,390,000 ",12/15/2022,10/31/2025," $25,390,000 ", $-   , $-   , $-   , $-   , $-   , $-   , $-   , $-   , $-   , $-   , $-   , $-   , $-   , $-   , $-   , $-   , $-   , $-   , $-   , $-   , $-   , $-   , $-   , $-   , $-   , $-   , $-   , $-   
The Waters at Bluebonnet," $39,812,626 ",4/12/2023,2/28/2026," $39,812,626 "," $39,812,626 ", $-   , $-   , $-   , $-   , $-   , $-   , $-   , $-   , $-   , $-   , $-   , $-   , $-   , $-   , $-   , $-   , $-   , $-   , $-   , $-   , $-   , $-   , $-   , $-   , $-   , $-   , $-   
The Waters at Crestview," $31,000,000 ",8/25/2023,9/30/2026," $31,000,000 "," $31,000,000 "," $31,000,000 "," $31,000,000 "," $31,000,000 "," $31,000,000 "," $31,000,000 "," $31,000,000 "," $31,000,000 ", $-   , $-   , $-   , $-   , $-   , $-   , $-   , $-   , $-   , $-   , $-   , $-   , $-   , $-   , $-   , $-   , $-   , $-   , $-   , $-   
The Heights at Picardy," $35,962,776 ",10/11/2023,8/31/2026," $35,962,776 "," $35,962,776 "," $35,962,776 "," $35,962,776 "," $35,962,776 "," $35,962,776 "," $35,962,776 "," $35,962,776 ", $-   , $-   , $-   , $-   , $-   , $-   , $-   , $-   , $-   , $-   , $-   , $-   , $-   , $-   , $-   , $-   , $-   , $-   , $-   , $-   , $-   
The Waters at McGowin," $31,815,771 ",1/19/2024,12/31/2026," $31,815,771 "," $31,815,771 "," $31,815,771 "," $31,815,771 "," $31,815,771 "," $31,815,771 "," $31,815,771 "," $31,815,771 "," $31,815,771 "," $31,815,771 "," $31,815,771 "," $31,815,771 ", $-   , $-   , $-   , $-   , $-   , $-   , $-   , $-   , $-   , $-   , $-   , $-   , $-   , $-   , $-   , $-   , $-   
The Waters at Freeport," $35,000,000 ",4/24/2024,12/31/2026," $35,000,000 "," $35,000,000 "," $35,000,000 "," $35,000,000 "," $35,000,000 "," $35,000,000 "," $35,000,000 "," $35,000,000 "," $35,000,000 "," $35,000,000 "," $35,000,000 "," $35,000,000 ", $-   , $-   , $-   , $-   , $-   , $-   , $-   , $-   , $-   , $-   , $-   , $-   , $-   , $-   , $-   , $-   , $-   
The Heights at Waterpointe," $32,467,928 ",7/31/2024,4/30/2027," $32,467,928 "," $32,467,928 "," $32,467,928 "," $32,467,928 "," $32,467,928 "," $32,467,928 "," $32,467,928 "," $32,467,928 "," $32,467,928 "," $32,467,928 "," $32,467,928 "," $32,467,928 "," $32,467,928 "," $32,467,928 "," $32,467,928 "," $32,467,928 ", $-   , $-   , $-   , $-   , $-   , $-   , $-   , $-   , $-   , $-   , $-   , $-   , $-   
The Waters at Promenade," $43,540,541 ",9/30/2024,10/31/2027," $43,540,541 "," $43,540,541 "," $43,540,541 "," $43,540,541 "," $43,540,541 "," $43,540,541 "," $43,540,541 "," $43,540,541 "," $43,540,541 "," $43,540,541 "," $43,540,541 "," $43,540,541 "," $43,540,541 "," $43,540,541 "," $43,540,541 "," $43,540,541 "," $43,540,541 "," $43,540,541 "," $43,540,541 "," $43,540,541 "," $43,540,541 "," $43,540,541 "," $43,540,541 "," $43,540,541 "," $43,540,541 "," $43,540,541 "," $43,540,541 "," $43,540,541 "," $43,540,541 "
The Flats at Ransley," $38,398,008 ",10/31/2024,9/30/2027, $-   ," $38,398,008 "," $38,398,008 "," $38,398,008 "," $38,398,008 "," $38,398,008 "," $38,398,008 "," $38,398,008 "," $38,398,008 "," $38,398,008 "," $38,398,008 "," $38,398,008 "," $38,398,008 "," $38,398,008 "," $38,398,008 "," $38,398,008 "," $38,398,008 "," $38,398,008 "," $38,398,008 "," $38,398,008 "," $38,398,008 "," $38,398,008 "," $38,398,008 "," $38,398,008 "," $38,398,008 "," $38,398,008 "," $38,398,008 "," $38,398,008 "," $38,398,008 "
The Heights at Materra," $40,947,327 ",1/31/2025,11/30/2027, $-   ," $40,947,327 "," $40,947,327 "," $40,947,327 "," $40,947,327 "," $40,947,327 "," $40,947,327 "," $40,947,327 "," $40,947,327 "," $40,947,327 "," $40,947,327 "," $40,947,327 "," $40,947,327 "," $40,947,327 "," $40,947,327 "," $40,947,327 "," $40,947,327 "," $40,947,327 "," $40,947,327 "," $40,947,327 "," $40,947,327 "," $40,947,327 "," $40,947,327 "," $40,947,327 "," $40,947,327 "," $40,947,327 "," $40,947,327 "," $40,947,327 "," $40,947,327 "
The Waters at Crosspointe," $42,548,570 ",3/31/2025,1/31/2028, $-   ," $42,548,570 "," $42,548,570 "," $42,548,570 "," $42,548,570 "," $42,548,570 "," $42,548,570 "," $42,548,570 "," $42,548,570 "," $42,548,570 "," $42,548,570 "," $42,548,570 "," $42,548,570 "," $42,548,570 "," $42,548,570 "," $42,548,570 "," $42,548,570 "," $42,548,570 "," $42,548,570 "," $42,548,570 "," $42,548,570 "," $42,548,570 "," $42,548,570 "," $42,548,570 "," $42,548,570 "," $42,548,570 "," $42,548,570 "," $42,548,570 "," $42,548,570 "
The Waters at Inverness," $39,587,145 ",5/31/2025,5/31/2028, $-   ," $39,587,145 "," $39,587,145 "," $39,587,145 "," $39,587,145 "," $39,587,145 "," $39,587,145 "," $39,587,145 "," $39,587,145 "," $39,587,145 "," $39,587,145 "," $39,587,145 "," $39,587,145 "," $39,587,145 "," $39,587,145 "," $39,587,145 "," $39,587,145 "," $39,587,145 "," $39,587,145 "," $39,587,145 "," $39,587,145 "," $39,587,145 "," $39,587,145 "," $39,587,145 "," $39,587,145 "," $39,587,145 "," $39,587,145 "," $39,587,145 "," $39,587,145 "
The Waters at OWA," $33,193,627 ",7/31/2025,, $-   ," $33,193,627 "," $33,193,627 "," $33,193,627 "," $33,193,627 "," $33,193,627 "," $33,193,627 "," $33,193,627 "," $33,193,627 "," $33,193,627 "," $33,193,627 "," $33,193,627 "," $33,193,627 "," $33,193,627 "," $33,193,627 "," $33,193,627 "," $33,193,627 "," $33,193,627 "," $33,193,627 "," $33,193,627 "," $33,193,627 "," $33,193,627 "," $33,193,627 "," $33,193,627 "," $33,193,627 "," $33,193,627 "," $33,193,627 "," $33,193,627 "," $33,193,627 "
NC/SC Deal #2," $40,000,000 ",10/31/2025,, $-   ," $40,000,000 "," $40,000,000 "," $40,000,000 "," $40,000,000 "," $40,000,000 "," $40,000,000 "," $40,000,000 "," $40,000,000 "," $40,000,000 "," $40,000,000 "," $40,000,000 "," $40,000,000 "," $40,000,000 "," $40,000,000 "," $40,000,000 "," $40,000,000 "," $40,000,000 "," $40,000,000 "," $40,000,000 "," $40,000,000 "," $40,000,000 "," $40,000,000 "," $40,000,000 "," $40,000,000 "," $40,000,000 "," $40,000,000 "," $40,000,000 "," $40,000,000 "
The Waters at Covington," $40,858,473 ",12/31/2025,1/31/2029, $-   ," $40,858,473 "," $40,858,473 "," $40,858,473 "," $40,858,473 "," $40,858,473 "," $40,858,473 "," $40,858,473 "," $40,858,473 "," $40,858,473 "," $40,858,473 "," $40,858,473 "," $40,858,473 "," $40,858,473 "," $40,858,473 "," $40,858,473 "," $40,858,473 "," $40,858,473 "," $40,858,473 "," $40,858,473 "," $40,858,473 "," $40,858,473 "," $40,858,473 "," $40,858,473 "," $40,858,473 "," $40,858,473 "," $40,858,473 "," $40,858,473 "," $40,858,473 "
2026 Deal #1," $40,000,000 ",1/31/2026,, $-   ," $40,000,000 "," $40,000,000 "," $40,000,000 "," $40,000,000 "," $40,000,000 "," $40,000,000 "," $40,000,000 "," $40,000,000 "," $40,000,000 "," $40,000,000 "," $40,000,000 "," $40,000,000 "," $40,000,000 "," $40,000,000 "," $40,000,000 "," $40,000,000 "," $40,000,000 "," $40,000,000 "," $40,000,000 "," $40,000,000 "," $40,000,000 "," $40,000,000 "," $40,000,000 "," $40,000,000 "," $40,000,000 "," $40,000,000 "," $40,000,000 "," $40,000,000 "
2026 Deal #2," $40,000,000 ",3/31/2026,, $-   , $-   ," $40,000,000 "," $40,000,000 "," $40,000,000 "," $40,000,000 "," $40,000,000 "," $40,000,000 "," $40,000,000 "," $40,000,000 "," $40,000,000 "," $40,000,000 "," $40,000,000 "," $40,000,000 "," $40,000,000 "," $40,000,000 "," $40,000,000 "," $40,000,000 "," $40,000,000 "," $40,000,000 "," $40,000,000 "," $40,000,000 "," $40,000,000 "," $40,000,000 "," $40,000,000 "," $40,000,000 "," $40,000,000 "," $40,000,000 "," $40,000,000 "
2026 Deal #3," $40,000,000 ",4/30/2026,, $-   , $-   , $-   ," $40,000,000 "," $40,000,000 "," $40,000,000 "," $40,000,000 "," $40,000,000 "," $40,000,000 "," $40,000,000 "," $40,000,000 "," $40,000,000 "," $40,000,000 "," $40,000,000 "," $40,000,000 "," $40,000,000 "," $40,000,000 "," $40,000,000 "," $40,000,000 "," $40,000,000 "," $40,000,000 "," $40,000,000 "," $40,000,000 "," $40,000,000 "," $40,000,000 "," $40,000,000 "," $40,000,000 "," $40,000,000 "," $40,000,000 "
2026 Deal #4," $40,000,000 ",6/30/2026,, $-   , $-   , $-   , $-   , $-   ," $40,000,000 "," $40,000,000 "," $40,000,000 "," $40,000,000 "," $40,000,000 "," $40,000,000 "," $40,000,000 "," $40,000,000 "," $40,000,000 "," $40,000,000 "," $40,000,000 "," $40,000,000 "," $40,000,000 "," $40,000,000 "," $40,000,000 "," $40,000,000 "," $40,000,000 "," $40,000,000 "," $40,000,000 "," $40,000,000 "," $40,000,000 "," $40,000,000 "," $40,000,000 "," $40,000,000 "
2026 Deal #5," $40,000,000 ",7/31/2026,, $-   , $-   , $-   , $-   , $-   , $-   ," $40,000,000 "," $40,000,000 "," $40,000,000 "," $40,000,000 "," $40,000,000 "," $40,000,000 "," $40,000,000 "," $40,000,000 "," $40,000,000 "," $40,000,000 "," $40,000,000 "," $40,000,000 "," $40,000,000 "," $40,000,000 "," $40,000,000 "," $40,000,000 "," $40,000,000 "," $40,000,000 "," $40,000,000 "," $40,000,000 "," $40,000,000 "," $40,000,000 "," $40,000,000 "
2026 Deal #6," $40,000,000 ",9/30/2026,, $-   , $-   , $-   , $-   , $-   , $-   , $-   , $-   ," $40,000,000 "," $40,000,000 "," $40,000,000 "," $40,000,000 "," $40,000,000 "," $40,000,000 "," $40,000,000 "," $40,000,000 "," $40,000,000 "," $40,000,000 "," $40,000,000 "," $40,000,000 "," $40,000,000 "," $40,000,000 "," $40,000,000 "," $40,000,000 "," $40,000,000 "," $40,000,000 "," $40,000,000 "," $40,000,000 "," $40,000,000 "
2026 Deal #7," $40,000,000 ",10/31/2026,, $-   , $-   , $-   , $-   , $-   , $-   , $-   , $-   , $-   ," $40,000,000 "," $40,000,000 "," $40,000,000 "," $40,000,000 "," $40,000,000 "," $40,000,000 "," $40,000,000 "," $40,000,000 "," $40,000,000 "," $40,000,000 "," $40,000,000 "," $40,000,000 "," $40,000,000 "," $40,000,000 "," $40,000,000 "," $40,000,000 "," $40,000,000 "," $40,000,000 "," $40,000,000 "," $40,000,000 "
2026 Deal #8," $40,000,000 ",12/31/2026,, $-   , $-   , $-   , $-   , $-   , $-   , $-   , $-   , $-   , $-   , $-   ," $40,000,000 "," $40,000,000 "," $40,000,000 "," $40,000,000 "," $40,000,000 "," $40,000,000 "," $40,000,000 "," $40,000,000 "," $40,000,000 "," $40,000,000 "," $40,000,000 "," $40,000,000 "," $40,000,000 "," $40,000,000 "," $40,000,000 "," $40,000,000 "," $40,000,000 "," $40,000,000 "
,,,," $497,803,835 "," $565,132,791 "," $565,320,165 "," $605,320,165 "," $605,320,165 "," $645,320,165 "," $685,320,165 "," $685,320,165 "," $689,357,389 "," $698,357,389 "," $698,357,389 "," $738,357,389 "," $671,541,618 "," $671,541,618 "," $671,541,618 "," $671,541,618 "," $639,073,690 "," $639,073,690 "," $639,073,690 "," $639,073,690 "," $639,073,690 "," $639,073,690 "," $639,073,690 "," $639,073,690 "," $639,073,690 "," $639,073,690 "," $639,073,690 "," $639,073,690 "," $639,073,690 "
,,,,,,,,,,,,,,,,,,,,,,,,,,,,,,,,
Pref Equity,,,,1/31/2026,2/28/2026,3/31/2026,4/30/2026,5/31/2026,6/30/2026,7/31/2026,8/31/2026,9/30/2026,10/31/2026,11/30/2026,12/31/2026,1/31/2027,2/28/2027,3/31/2027,4/30/2027,5/31/2027,6/30/2027,7/31/2027,8/31/2027,9/30/2027,10/31/2027,11/30/2027,12/31/2027,1/31/2028,2/29/2028,3/31/2028,4/30/2028,5/31/2028
Project,Pref Equity,,,,,,,,,,,,,,,,,,,,,,,,,,,,,,,
The Waters at Ransley," $3,934,245 ",,," $3,934,245 ", $-   , $-   , $-   , $-   , $-   , $-   , $-   , $-   , $-   , $-   , $-   , $-   , $-   , $-   , $-   , $-   , $-   , $-   , $-   , $-   , $-   , $-   , $-   , $-   , $-   , $-   , $-   , $-   
The Waters at Heritage," $3,274,633 ",,," $3,274,633 ", $-   , $-   , $-   , $-   , $-   , $-   , $-   , $-   , $-   , $-   , $-   , $-   , $-   , $-   , $-   , $-   , $-   , $-   , $-   , $-   , $-   , $-   , $-   , $-   , $-   , $-   , $-   , $-   
The Waters at Millerville, $-   ,,, $-   , $-   , $-   , $-   , $-   , $-   , $-   , $-   , $-   , $-   , $-   , $-   , $-   , $-   , $-   , $-   , $-   , $-   , $-   , $-   , $-   , $-   , $-   , $-   , $-   , $-   , $-   , $-   , $-   
The Waters at Redstone," $2,971,573 ",,," $2,971,573 ", $-   , $-   , $-   , $-   , $-   , $-   , $-   , $-   , $-   , $-   , $-   , $-   , $-   , $-   , $-   , $-   , $-   , $-   , $-   , $-   , $-   , $-   , $-   , $-   , $-   , $-   , $-   , $-   
The Waters at Settlers Trace," $4,436,075 ",,," $4,436,075 ", $-   , $-   , $-   , $-   , $-   , $-   , $-   , $-   , $-   , $-   , $-   , $-   , $-   , $-   , $-   , $-   , $-   , $-   , $-   , $-   , $-   , $-   , $-   , $-   , $-   , $-   , $-   , $-   
The Flats at East Bay, $-   ,,, $-   , $-   , $-   , $-   , $-   , $-   , $-   , $-   , $-   , $-   , $-   , $-   , $-   , $-   , $-   , $-   , $-   , $-   , $-   , $-   , $-   , $-   , $-   , $-   , $-   , $-   , $-   , $-   , $-   
The Waters at West Village, $-   ,,, $-   , $-   , $-   , $-   , $-   , $-   , $-   , $-   , $-   , $-   , $-   , $-   , $-   , $-   , $-   , $-   , $-   , $-   , $-   , $-   , $-   , $-   , $-   , $-   , $-   , $-   , $-   , $-   , $-   
The Waters at Bluebonnet, $-   ,,, $-   , $-   , $-   , $-   , $-   , $-   , $-   , $-   , $-   , $-   , $-   , $-   , $-   , $-   , $-   , $-   , $-   , $-   , $-   , $-   , $-   , $-   , $-   , $-   , $-   , $-   , $-   , $-   , $-   
The Waters at Crestview," $5,790,770 ",,," $5,790,770 "," $5,790,770 "," $5,790,770 "," $5,790,770 "," $5,790,770 "," $5,790,770 "," $5,790,770 "," $5,790,770 "," $5,790,770 ", $-   , $-   , $-   , $-   , $-   , $-   , $-   , $-   , $-   , $-   , $-   , $-   , $-   , $-   , $-   , $-   , $-   , $-   , $-   , $-   
The Heights at Picardy," $3,259,347 ",,," $3,259,347 "," $3,259,347 "," $3,259,347 "," $3,259,347 "," $3,259,347 "," $3,259,347 "," $3,259,347 "," $3,259,347 ", $-   , $-   , $-   , $-   , $-   , $-   , $-   , $-   , $-   , $-   , $-   , $-   , $-   , $-   , $-   , $-   , $-   , $-   , $-   , $-   , $-   
The Waters at McGowin," $4,105,892 ",,," $4,105,892 "," $4,105,892 "," $4,105,892 "," $4,105,892 "," $4,105,892 "," $4,105,892 "," $4,105,892 "," $4,105,892 "," $4,105,892 "," $4,105,892 "," $4,105,892 "," $4,105,892 ", $-   , $-   , $-   , $-   , $-   , $-   , $-   , $-   , $-   , $-   , $-   , $-   , $-   , $-   , $-   , $-   , $-   
The Waters at Freeport," $5,566,822 ",,," $5,566,822 "," $5,566,822 "," $5,566,822 "," $5,566,822 "," $5,566,822 "," $5,566,822 "," $5,566,822 "," $5,566,822 "," $5,566,822 "," $5,566,822 "," $5,566,822 "," $5,566,822 ", $-   , $-   , $-   , $-   , $-   , $-   , $-   , $-   , $-   , $-   , $-   , $-   , $-   , $-   , $-   , $-   , $-   
The Heights at Waterpointe, $-   ,,, $-   , $-   , $-   , $-   , $-   , $-   , $-   , $-   , $-   , $-   , $-   , $-   , $-   , $-   , $-   , $-   , $-   , $-   , $-   , $-   , $-   , $-   , $-   , $-   , $-   , $-   , $-   , $-   , $-   
The Waters at Promenade," $3,808,777 ",,," $3,808,777 "," $3,808,777 "," $3,808,777 "," $3,808,777 "," $3,808,777 "," $3,808,777 "," $3,808,777 "," $3,808,777 "," $3,808,777 "," $3,808,777 "," $3,808,777 "," $3,808,777 "," $3,808,777 "," $3,808,777 "," $3,808,777 "," $3,808,777 "," $3,808,777 "," $3,808,777 "," $3,808,777 "," $3,808,777 "," $3,808,777 "," $3,808,777 "," $3,808,777 "," $3,808,777 "," $3,808,777 "," $3,808,777 "," $3,808,777 "," $3,808,777 "," $3,808,777 "
The Flats at Ransley," $4,916,032 ",,," $4,916,032 "," $4,916,032 "," $4,916,032 "," $4,916,032 "," $4,916,032 "," $4,916,032 "," $4,916,032 "," $4,916,032 "," $4,916,032 "," $4,916,032 "," $4,916,032 "," $4,916,032 "," $4,916,032 "," $4,916,032 "," $4,916,032 "," $4,916,032 "," $4,916,032 "," $4,916,032 "," $4,916,032 "," $4,916,032 "," $4,916,032 "," $4,916,032 "," $4,916,032 "," $4,916,032 "," $4,916,032 "," $4,916,032 "," $4,916,032 "," $4,916,032 "," $4,916,032 "
The Heights at Materra," $3,661,060 ",,," $3,661,060 "," $3,661,060 "," $3,661,060 "," $3,661,060 "," $3,661,060 "," $3,661,060 "," $3,661,060 "," $3,661,060 "," $3,661,060 "," $3,661,060 "," $3,661,060 "," $3,661,060 "," $3,661,060 "," $3,661,060 "," $3,661,060 "," $3,661,060 "," $3,661,060 "," $3,661,060 "," $3,661,060 "," $3,661,060 "," $3,661,060 "," $3,661,060 "," $3,661,060 "," $3,661,060 "," $3,661,060 "," $3,661,060 "," $3,661,060 "," $3,661,060 "," $3,661,060 "
The Waters at Crosspointe," $5,378,025 ",,," $5,378,025 "," $5,378,025 "," $5,378,025 "," $5,378,025 "," $5,378,025 "," $5,378,025 "," $5,378,025 "," $5,378,025 "," $5,378,025 "," $5,378,025 "," $5,378,025 "," $5,378,025 "," $5,378,025 "," $5,378,025 "," $5,378,025 "," $5,378,025 "," $5,378,025 "," $5,378,025 "," $5,378,025 "," $5,378,025 "," $5,378,025 "," $5,378,025 "," $5,378,025 "," $5,378,025 "," $5,378,025 "," $5,378,025 "," $5,378,025 "," $5,378,025 "," $5,378,025 "
The Waters at Inverness," $5,067,608 ",,," $5,067,608 "," $5,067,608 "," $5,067,608 "," $5,067,608 "," $5,067,608 "," $5,067,608 "," $5,067,608 "," $5,067,608 "," $5,067,608 "," $5,067,608 "," $5,067,608 "," $5,067,608 "," $5,067,608 "," $5,067,608 "," $5,067,608 "," $5,067,608 "," $5,067,608 "," $5,067,608 "," $5,067,608 "," $5,067,608 "," $5,067,608 "," $5,067,608 "," $5,067,608 "," $5,067,608 "," $5,067,608 "," $5,067,608 "," $5,067,608 "," $5,067,608 "," $5,067,608 "
The Waters at OWA," $4,138,966 ",,," $4,138,966 "," $4,138,966 "," $4,138,966 "," $4,138,966 "," $4,138,966 "," $4,138,966 "," $4,138,966 "," $4,138,966 "," $4,138,966 "," $4,138,966 "," $4,138,966 "," $4,138,966 "," $4,138,966 "," $4,138,966 "," $4,138,966 "," $4,138,966 "," $4,138,966 "," $4,138,966 "," $4,138,966 "," $4,138,966 "," $4,138,966 "," $4,138,966 "," $4,138,966 "," $4,138,966 "," $4,138,966 "," $4,138,966 "," $4,138,966 "," $4,138,966 "," $4,138,966 "
NC/SC Deal #2," $4,750,000 ",,," $4,750,000 "," $4,750,000 "," $4,750,000 "," $4,750,000 "," $4,750,000 "," $4,750,000 "," $4,750,000 "," $4,750,000 "," $4,750,000 "," $4,750,000 "," $4,750,000 "," $4,750,000 "," $4,750,000 "," $4,750,000 "," $4,750,000 "," $4,750,000 "," $4,750,000 "," $4,750,000 "," $4,750,000 "," $4,750,000 "," $4,750,000 "," $4,750,000 "," $4,750,000 "," $4,750,000 "," $4,750,000 "," $4,750,000 "," $4,750,000 "," $4,750,000 "," $4,750,000 "
The Waters at Covington," $5,167,021 ",,," $5,167,021 "," $5,167,021 "," $5,167,021 "," $5,167,021 "," $5,167,021 "," $5,167,021 "," $5,167,021 "," $5,167,021 "," $5,167,021 "," $5,167,021 "," $5,167,021 "," $5,167,021 "," $5,167,021 "," $5,167,021 "," $5,167,021 "," $5,167,021 "," $5,167,021 "," $5,167,021 "," $5,167,021 "," $5,167,021 "," $5,167,021 "," $5,167,021 "," $5,167,021 "," $5,167,021 "," $5,167,021 "," $5,167,021 "," $5,167,021 "," $5,167,021 "," $5,167,021 "
2026 Deal #1," $4,750,000 ",,," $4,750,000 "," $4,750,000 "," $4,750,000 "," $4,750,000 "," $4,750,000 "," $4,750,000 "," $4,750,000 "," $4,750,000 "," $4,750,000 "," $4,750,000 "," $4,750,000 "," $4,750,000 "," $4,750,000 "," $4,750,000 "," $4,750,000 "," $4,750,000 "," $4,750,000 "," $4,750,000 "," $4,750,000 "," $4,750,000 "," $4,750,000 "," $4,750,000 "," $4,750,000 "," $4,750,000 "," $4,750,000 "," $4,750,000 "," $4,750,000 "," $4,750,000 "," $4,750,000 "
2026 Deal #2," $4,750,000 ",,, $-   , $-   ," $4,750,000 "," $4,750,000 "," $4,750,000 "," $4,750,000 "," $4,750,000 "," $4,750,000 "," $4,750,000 "," $4,750,000 "," $4,750,000 "," $4,750,000 "," $4,750,000 "," $4,750,000 "," $4,750,000 "," $4,750,000 "," $4,750,000 "," $4,750,000 "," $4,750,000 "," $4,750,000 "," $4,750,000 "," $4,750,000 "," $4,750,000 "," $4,750,000 "," $4,750,000 "," $4,750,000 "," $4,750,000 "," $4,750,000 "," $4,750,000 "
2026 Deal #3," $4,750,000 ",,, $-   , $-   , $-   ," $4,750,000 "," $4,750,000 "," $4,750,000 "," $4,750,000 "," $4,750,000 "," $4,750,000 "," $4,750,000 "," $4,750,000 "," $4,750,000 "," $4,750,000 "," $4,750,000 "," $4,750,000 "," $4,750,000 "," $4,750,000 "," $4,750,000 "," $4,750,000 "," $4,750,000 "," $4,750,000 "," $4,750,000 "," $4,750,000 "," $4,750,000 "," $4,750,000 "," $4,750,000 "," $4,750,000 "," $4,750,000 "," $4,750,000 "
2026 Deal #4," $4,750,000 ",,, $-   , $-   , $-   , $-   , $-   ," $4,750,000 "," $4,750,000 "," $4,750,000 "," $4,750,000 "," $4,750,000 "," $4,750,000 "," $4,750,000 "," $4,750,000 "," $4,750,000 "," $4,750,000 "," $4,750,000 "," $4,750,000 "," $4,750,000 "," $4,750,000 "," $4,750,000 "," $4,750,000 "," $4,750,000 "," $4,750,000 "," $4,750,000 "," $4,750,000 "," $4,750,000 "," $4,750,000 "," $4,750,000 "," $4,750,000 "
2026 Deal #5," $4,750,000 ",,, $-   , $-   , $-   , $-   , $-   , $-   ," $4,750,000 "," $4,750,000 "," $4,750,000 "," $4,750,000 "," $4,750,000 "," $4,750,000 "," $4,750,000 "," $4,750,000 "," $4,750,000 "," $4,750,000 "," $4,750,000 "," $4,750,000 "," $4,750,000 "," $4,750,000 "," $4,750,000 "," $4,750,000 "," $4,750,000 "," $4,750,000 "," $4,750,000 "," $4,750,000 "," $4,750,000 "," $4,750,000 "," $4,750,000 "
2026 Deal #6," $4,750,000 ",,, $-   , $-   , $-   , $-   , $-   , $-   , $-   , $-   ," $4,750,000 "," $4,750,000 "," $4,750,000 "," $4,750,000 "," $4,750,000 "," $4,750,000 "," $4,750,000 "," $4,750,000 "," $4,750,000 "," $4,750,000 "," $4,750,000 "," $4,750,000 "," $4,750,000 "," $4,750,000 "," $4,750,000 "," $4,750,000 "," $4,750,000 "," $4,750,000 "," $4,750,000 "," $4,750,000 "," $4,750,000 "
2026 Deal #7," $4,750,000 ",,, $-   , $-   , $-   , $-   , $-   , $-   , $-   , $-   , $-   ," $4,750,000 "," $4,750,000 "," $4,750,000 "," $4,750,000 "," $4,750,000 "," $4,750,000 "," $4,750,000 "," $4,750,000 "," $4,750,000 "," $4,750,000 "," $4,750,000 "," $4,750,000 "," $4,750,000 "," $4,750,000 "," $4,750,000 "," $4,750,000 "," $4,750,000 "," $4,750,000 "," $4,750,000 "," $4,750,000 "
2026 Deal #8," $4,750,000 ",,, $-   , $-   , $-   , $-   , $-   , $-   , $-   , $-   , $-   , $-   , $-   ," $4,750,000 "," $4,750,000 "," $4,750,000 "," $4,750,000 "," $4,750,000 "," $4,750,000 "," $4,750,000 "," $4,750,000 "," $4,750,000 "," $4,750,000 "," $4,750,000 "," $4,750,000 "," $4,750,000 "," $4,750,000 "," $4,750,000 "," $4,750,000 "," $4,750,000 "," $4,750,000 "
,,,," $74,976,843 "," $60,360,318 "," $65,110,318 "," $69,860,318 "," $69,860,318 "," $74,610,318 "," $79,360,318 "," $79,360,318 "," $80,850,971 "," $79,810,201 "," $79,810,201 "," $84,560,201 "," $74,887,487 "," $74,887,487 "," $74,887,487 "," $74,887,487 "," $74,887,487 "," $74,887,487 "," $74,887,487 "," $74,887,487 "," $74,887,487 "," $74,887,487 "," $74,887,487 "," $74,887,487 "," $74,887,487 "," $74,887,487 "," $74,887,487 "," $74,887,487 "," $74,887,487 "
,,,,,,,,,,,,,,,,,,,,,,,,,,,,,,,,
Stoa Cash,,,,1/31/2026,2/28/2026,3/31/2026,4/30/2026,5/31/2026,6/30/2026,7/31/2026,8/31/2026,9/30/2026,10/31/2026,11/30/2026,12/31/2026,1/31/2027,2/28/2027,3/31/2027,4/30/2027,5/31/2027,6/30/2027,7/31/2027,8/31/2027,9/30/2027,10/31/2027,11/30/2027,12/31/2027,1/31/2028,2/29/2028,3/31/2028,4/30/2028,5/31/2028
,,,," $10,664,435 "," $11,874,829 "," $11,652,229 "," $6,877,017 "," $5,292,017 "," $28,519,159 "," $26,282,159 "," $39,466,137 "," $20,462,718 "," $13,711,636 "," $11,937,874 "," $11,524,112 "," $9,263,383 "," $9,099,621 "," $4,168,196 "," $4,004,434 "," $3,888,719 "," $(1,735,043)"," $(1,489,128)"," $(6,652,890)"," $(7,276,652)"," $(12,450,714)"," $(9,302,804)"," $(14,494,150)"," $(14,639,377)"," $(19,784,605)"," $(20,389,832)"," $(25,187,582)"," $(25,142,558)"
,,,,,,,,,,,,,,,,,,,,,,,,,,,,,,,,
,,,,,,,,,,,,,,,,,,,,,,,,,,,,,,,,
,,,,,,,,,,,,,,,,,,,,,,,,,,,,,,,,
Lead Banks,,,,Current Exposure,Hold Limit,Deals ,Deal Limit,,,,,,,,,,,,,,,,,,,,,,,,,
Trustmark Bank,,,," $59,049,589 ","$80,000,000",3,3,,,,,,,,,,,,,,,,,,,,,,,,,
b1Bank,,,," $106,076,380 ",,5,3,,,,,,,,,,,,,,,,,,,,,,,,,
Renasant Bank,,,," $63,000,000 ","$85,000,000",3,3,,,,,,,,,,,,,,,,,,,,,,,,,
First Horizon Bank,,,," $72,773,000 ",,2,2,,,,,,,,,,,,,,,,,,,,,,,,,
Cadence Bank,,,, $-   ,,0,2,,,,,,,,,,,,,,,,,,,,,,,,,
Pen-Air Credit Union,,,," $19,000,000 ","$45,000,000",1,2,,,,,,,,,,,,,,,,,,,,,,,,,
Fidelity Bank,,,," $12,000,000 ","$16,000,000",1,1,,,,,,,,,,,,,,,,,,,,,,,,,
Hancock Whitney,,,," $107,167,182 ","$120,000,000",3,4,,,,,,,,,,,,,,,,,,,,,,,,,
Wells Fargo,,,," $41,580,000 ",,1,2,,,,,,,,,,,,,,,,,,,,,,,,,
Atlantic Union,,,, $-   ,,0,1,,,,,,,,,,,,,,,,,,,,,,,,,
United Bank,,,, $-   ,,0,1,,,,,,,,,,,,,,,,,,,,,,,,,
Live Oak Bank,,,, $-   ,,0,1,,,,,,,,,,,,,,,,,,,,,,,,,
Pinnacle,,,, $-   ,,0,1,,,,,,,,,,,,,,,,,,,,,,,,,
Bank of America,,,, $-   ,,0,1,,,,,,,,,,,,,,,,,,,,,,,,,
,,,," $480,646,152 "," $346,000,000.00 ",19,27,,,,,,,,,,,,,,,,,,,,,,,,,
Target,,,," $639,073,690 "," $639,073,690 ",24,24,,,,,,,,,,,,,,,,,,,,,,,,,
